{"root_uri": null, "rv_config": {}, "plugin_versions": {"rastervision.aws_s3": 0, "rastervision.core": 10, "rastervision.pipeline_example_plugin1": 0, "rastervision.pipeline_example_plugin2": 0, "rastervision.pytorch_backend": 1, "rastervision.pytorch_learner": 4, "rastervision.pipeline": 0}, "type_hint": "learner_pipeline", "learner": {"model": null, "solver": {"lr": 0.01, "num_epochs": 10, "test_num_epochs": 2, "test_batch_sz": 4, "overfit_num_steps": 1, "sync_interval": 1, "batch_sz": 60, "one_cycle": true, "multi_stage": [], "class_loss_weights": null, "ignore_class_index": null, "external_loss_def": null, "type_hint": "solver"}, "data": {"class_names": ["background", "basural"], "class_colors": ["lightgray", "darkred"], "img_channels": null, "img_sz": 256, "train_sz": null, "train_sz_rel": null, "num_workers": 0, "augmentors": ["RandomRotate90", "HorizontalFlip", "VerticalFlip"], "base_transform": null, "aug_transform": null, "plot_options": {"transform": {"__version__": "1.3.0", "transform": {"__class_fullname__": "rastervision.pytorch_learner.utils.utils.MinMaxNormalize", "always_apply": false, "p": 1.0, "min_val": 0.0, "max_val": 1.0, "dtype": 5}}, "channel_display_groups": null, "type_hint": "plot_options"}, "preview_batch_limit": null, "type_hint": "semantic_segmentation_geo_data", "scene_dataset": null, "window_opts": {}}, "predict_mode": false, "test_mode": false, "overfit_mode": false, "eval_train": false, "save_model_bundle": true, "log_tensorboard": true, "run_tensorboard": false, "output_uri": null, "type_hint": "semantic_segmentation_learner"}}